-- Seed data (generated, deterministic). Demo community for the recommender.

INSERT OR IGNORE INTO songs (id, title, artist, genre, year, hue) VALUES
  (1, 'Seven Nation Army', 'The White Stripes', 'Rock', 2003, 348),
  (2, 'Smells Like Teen Spirit', 'Nirvana', 'Rock', 1991, 12),
  (3, 'Come As You Are', 'Nirvana', 'Rock', 1991, 20),
  (4, 'Everlong', 'Foo Fighters', 'Rock', 1997, 5),
  (5, 'Wonderwall', 'Oasis', 'Britpop', 1995, 32),
  (6, 'Mr. Brightside', 'The Killers', 'Alt Rock', 2003, 355),
  (7, 'Numb', 'Linkin Park', 'Rock', 2003, 210),
  (8, 'Back in Black', 'AC/DC', 'Hard Rock', 1980, 0),
  (9, 'Zombie', 'The Cranberries', 'Alt Rock', 1994, 18),
  (10, 'Someone Like You', 'Adele', 'Pop', 2011, 268),
  (11, 'Perfect', 'Ed Sheeran', 'Pop', 2017, 300),
  (12, 'Riptide', 'Vance Joy', 'Indie Pop', 2013, 40),
  (13, 'Photograph', 'Ed Sheeran', 'Pop', 2014, 310),
  (14, 'A Thousand Miles', 'Vanessa Carlton', 'Pop', 2001, 285),
  (15, 'Fast Car', 'Tracy Chapman', 'Folk Pop', 1988, 48),
  (16, 'Chandelier', 'Sia', 'Pop', 2014, 320),
  (17, 'Stay', 'Rihanna', 'Pop', 2012, 330),
  (18, 'Ho Hey', 'The Lumineers', 'Folk Pop', 2012, 44),
  (19, 'Autumn Leaves', 'Jazz Standard', 'Jazz', 1945, 130),
  (20, 'Take Five', 'Dave Brubeck', 'Jazz', 1959, 150),
  (21, 'So What', 'Miles Davis', 'Jazz', 1959, 165),
  (22, 'Fly Me to the Moon', 'Frank Sinatra', 'Jazz', 1964, 140),
  (23, 'Isn''t She Lovely', 'Stevie Wonder', 'Soul', 1976, 55),
  (24, 'Blue Bossa', 'Kenny Dorham', 'Jazz', 1963, 175),
  (25, 'Ain''t No Sunshine', 'Bill Withers', 'Soul', 1971, 60),
  (26, 'Cantaloupe Island', 'Herbie Hancock', 'Jazz', 1964, 158),
  (27, 'Canon in D', 'Pachelbel', 'Classical', 1680, 200),
  (28, 'Clair de Lune', 'Debussy', 'Classical', 1905, 215),
  (29, 'Für Elise', 'Beethoven', 'Classical', 1810, 225),
  (30, 'Moonlight Sonata', 'Beethoven', 'Classical', 1801, 235),
  (31, 'Ave Maria', 'Schubert', 'Classical', 1825, 190),
  (32, 'The Swan', 'Saint-Saëns', 'Classical', 1886, 205),
  (33, 'Spring (Four Seasons)', 'Vivaldi', 'Classical', 1723, 195),
  (34, 'Gymnopédie No.1', 'Erik Satie', 'Classical', 1888, 245),
  (35, 'Strobe', 'deadmau5', 'Electronic', 2009, 260),
  (36, 'Midnight City', 'M83', 'Synthpop', 2011, 275),
  (37, 'Around the World', 'Daft Punk', 'Electronic', 1997, 290),
  (38, 'Genesis', 'Grimes', 'Electronic', 2012, 305),
  (39, 'Nightcall', 'Kavinsky', 'Synthwave', 2010, 250),
  (40, 'Opus', 'Eric Prydz', 'Electronic', 2015, 265),
  (41, 'Hallelujah', 'Leonard Cohen', 'Folk', 1984, 36),
  (42, 'Hotel California', 'Eagles', 'Rock', 1976, 28),
  (43, 'Let It Be', 'The Beatles', 'Rock', 1970, 52),
  (44, 'Imagine', 'John Lennon', 'Rock', 1971, 46),
  (45, 'Creep', 'Radiohead', 'Alt Rock', 1992, 340),
  (46, 'Feeling Good', 'Nina Simone', 'Jazz', 1965, 168);

INSERT OR IGNORE INTO users (id, username, display_name, bio, avatar_hue, is_seed) VALUES
  (1, 'maya_rock1', 'Maya', 'Riffs, distortion, and a broken volume knob.', 96, 1),
  (2, 'leo_rock2', 'Leo', 'Riffs, distortion, and a broken volume knob.', 126, 1),
  (3, 'ivy_rock3', 'Ivy', 'Riffs, distortion, and a broken volume knob.', 326, 1),
  (4, 'theo_pop4', 'Theo', 'Songs that make people sing along.', 260, 1),
  (5, 'nora_pop5', 'Nora', 'Songs that make people sing along.', 149, 1),
  (6, 'kai_pop6', 'Kai', 'Songs that make people sing along.', 280, 1),
  (7, 'ruby_jazz7', 'Ruby', 'Chasing the perfect ii-V-I.', 82, 1),
  (8, 'milo_jazz8', 'Milo', 'Chasing the perfect ii-V-I.', 354, 1),
  (9, 'zara_jazz9', 'Zara', 'Chasing the perfect ii-V-I.', 146, 1),
  (10, 'finn_classical10', 'Finn', 'Practice room hermit. Bach enjoyer.', 331, 1),
  (11, 'ada_classical11', 'Ada', 'Practice room hermit. Bach enjoyer.', 4, 1),
  (12, 'jude_classical12', 'Jude', 'Practice room hermit. Bach enjoyer.', 264, 1),
  (13, 'cleo_electronic13', 'Cleo', 'Everything runs through the sidechain.', 302, 1),
  (14, 'sol_electronic14', 'Sol', 'Everything runs through the sidechain.', 176, 1),
  (15, 'remy_mix15', 'Remy', 'Riffs, distortion, and a broken volume knob.', 73, 1),
  (16, 'juno_mix16', 'Juno', 'Songs that make people sing along.', 48, 1);

INSERT OR IGNORE INTO user_instruments (user_id, instrument_id, skill) VALUES
  (1, 3, 4),
  (1, 2, 4),
  (1, 6, 3),
  (2, 6, 4),
  (2, 1, 4),
  (3, 2, 2),
  (3, 6, 4),
  (3, 1, 4),
  (4, 4, 3),
  (4, 1, 3),
  (4, 7, 2),
  (5, 7, 2),
  (5, 5, 2),
  (5, 1, 3),
  (6, 5, 3),
  (6, 4, 3),
  (7, 11, 3),
  (7, 4, 3),
  (7, 3, 2),
  (8, 6, 2),
  (8, 11, 3),
  (8, 3, 4),
  (9, 11, 2),
  (9, 6, 4),
  (10, 9, 3),
  (10, 13, 3),
  (11, 4, 2),
  (11, 9, 3),
  (12, 8, 4),
  (12, 9, 2),
  (13, 6, 4),
  (13, 4, 4),
  (13, 5, 3),
  (14, 4, 4),
  (14, 5, 4),
  (15, 7, 3),
  (15, 6, 3),
  (15, 3, 4),
  (16, 7, 4),
  (16, 5, 2);

INSERT OR IGNORE INTO user_songs (user_id, song_id, instrument_id, difficulty) VALUES
  (1, 2, 6, 4),
  (1, 5, 6, 1),
  (1, 6, 6, 3),
  (1, 1, 2, 1),
  (1, 4, 6, 3),
  (1, 9, 2, 4),
  (1, 8, 2, 3),
  (1, 45, 2, 3),
  (1, 41, 3, 2),
  (2, 5, 1, 3),
  (2, 7, 1, 4),
  (2, 3, 6, 3),
  (2, 8, 1, 4),
  (2, 9, 6, 3),
  (2, 2, 6, 4),
  (2, 1, 1, 3),
  (2, 6, 6, 4),
  (2, 44, 6, 2),
  (2, 44, 1, 2),
  (3, 9, 2, 4),
  (3, 2, 6, 3),
  (3, 8, 2, 4),
  (3, 7, 2, 3),
  (3, 6, 6, 4),
  (3, 41, 1, 1),
  (4, 16, 7, 4),
  (4, 14, 4, 5),
  (4, 12, 7, 1),
  (4, 15, 7, 2),
  (4, 13, 7, 2),
  (4, 17, 4, 4),
  (4, 18, 1, 1),
  (4, 44, 4, 2),
  (4, 46, 4, 2),
  (5, 16, 7, 4),
  (5, 12, 7, 3),
  (5, 15, 7, 1),
  (5, 11, 1, 1),
  (5, 18, 1, 1),
  (5, 41, 7, 2),
  (6, 13, 4, 1),
  (6, 18, 5, 1),
  (6, 10, 4, 2),
  (6, 15, 4, 3),
  (6, 12, 5, 2),
  (6, 11, 5, 1),
  (6, 45, 4, 3),
  (7, 20, 4, 3),
  (7, 26, 3, 2),
  (7, 23, 4, 4),
  (7, 25, 4, 3),
  (7, 21, 4, 5),
  (7, 44, 4, 1),
  (8, 21, 11, 3),
  (8, 24, 11, 2),
  (8, 26, 3, 2),
  (8, 25, 3, 3),
  (8, 20, 3, 5),
  (8, 22, 3, 2),
  (8, 23, 3, 4),
  (8, 19, 6, 3),
  (8, 46, 6, 3),
  (8, 43, 3, 2),
  (9, 23, 11, 2),
  (9, 21, 11, 3),
  (9, 20, 11, 5),
  (9, 25, 6, 1),
  (9, 26, 11, 3),
  (9, 19, 11, 3),
  (9, 24, 11, 2),
  (9, 45, 6, 1),
  (9, 44, 11, 2),
  (10, 27, 9, 4),
  (10, 30, 13, 3),
  (10, 34, 9, 1),
  (10, 31, 13, 3),
  (10, 32, 9, 5),
  (10, 28, 9, 5),
  (10, 46, 9, 2),
  (11, 34, 4, 3),
  (11, 32, 9, 4),
  (11, 30, 4, 5),
  (11, 33, 9, 4),
  (11, 31, 4, 4),
  (11, 45, 4, 1),
  (12, 32, 9, 3),
  (12, 30, 8, 3),
  (12, 29, 8, 1),
  (12, 28, 8, 4),
  (12, 33, 8, 3),
  (12, 43, 8, 2),
  (13, 35, 5, 2),
  (13, 39, 5, 1),
  (13, 36, 5, 2),
  (13, 37, 5, 4),
  (13, 38, 5, 2),
  (13, 40, 5, 4),
  (13, 44, 4, 1),
  (13, 41, 4, 1),
  (14, 40, 5, 2),
  (14, 39, 5, 1),
  (14, 38, 5, 2),
  (14, 36, 5, 4),
  (14, 37, 5, 2),
  (14, 35, 4, 2),
  (14, 43, 4, 3),
  (15, 4, 6, 3),
  (15, 7, 3, 4),
  (15, 26, 3, 2),
  (15, 3, 3, 1),
  (15, 24, 7, 2),
  (15, 9, 7, 2),
  (15, 8, 3, 4),
  (15, 5, 7, 3),
  (15, 42, 3, 5),
  (15, 42, 6, 5),
  (16, 27, 7, 3),
  (16, 32, 7, 5),
  (16, 14, 5, 5),
  (16, 34, 7, 3),
  (16, 33, 5, 5),
  (16, 30, 5, 4),
  (16, 11, 7, 1),
  (16, 15, 7, 3),
  (16, 42, 7, 4);
